{

"itemData" : [
    {
      "img": "https://images.unsplash.com/photo-1549388604-817d15aa0110",
      "title": "Bed",
      "profile" : "https://pbs.twimg.com/media/DumtB0bUwAA2k7U.jpg",
      "category": "Home"

      
    },
    {
      "img": "https://images.unsplash.com/photo-1525097487452-6278ff080c31",
      "title": "Books",
      "profile" : "https://pbs.twimg.com/media/DumtB0bUwAA2k7U.jpg",
      "category": "Home"
    },
    {
      "img": "https://images.unsplash.com/photo-1523413651479-597eb2da0ad6",
      "title": "Sink",
      "profile" : "https://pbs.twimg.com/media/DumtB0bUwAA2k7U.jpg",
      "category": "Home"
    },
    {
      "img": "https://images.unsplash.com/photo-1563298723-dcfebaa392e3",
      "title": "Kitchen",
      "profile" : "https://pbs.twimg.com/media/DumtB0bUwAA2k7U.jpg",
      "category": "Home"
    },
    {
      "img": "https://images.unsplash.com/photo-1588436706487-9d55d73a39e3",
      "title": "Blinds",
      "profile" : "https://pbs.twimg.com/media/DumtB0bUwAA2k7U.jpg",
      "category": "Home"
    },
    {
      "img": "https://images.unsplash.com/photo-1574180045827-681f8a1a9622",
      "title": "Chairs",
      "profile" : "https://pbs.twimg.com/media/DumtB0bUwAA2k7U.jpg",
      "category": "Home"
    },
    {
      "img": "https://images.unsplash.com/photo-1530731141654-5993c3016c77",
      "title": "Laptop",
      "profile" : "https://pbs.twimg.com/media/DumtB0bUwAA2k7U.jpg",
      "category": "IT"
    },
    {
      "img": "https://images.unsplash.com/photo-1481277542470-605612bd2d61",
      "title": "Doors",
      "profile" : "https://pbs.twimg.com/media/DumtB0bUwAA2k7U.jpg",
      "category": "Home"
    },
    {
      "img": "https://images.unsplash.com/photo-1517487881594-2787fef5ebf7",
      "title": "Coffee1",
      "profile" : "https://pbs.twimg.com/media/DumtB0bUwAA2k7U.jpg",
      "category": "Food"
    },
    {
      "img": "https://images.unsplash.com/photo-1516455207990-7a41ce80f7ee",
      "title": "Storage",
      "profile" : "https://pbs.twimg.com/media/DumtB0bUwAA2k7U.jpg",
      "category": "Home"
    },
    {
      "img": "https://images.unsplash.com/photo-1597262975002-c5c3b14bbd62",
      "title": "Candle",
      "profile" : "https://pbs.twimg.com/media/DumtB0bUwAA2k7U.jpg",
      "category": "Home"
    },
    {
      "img": "https://images.unsplash.com/photo-1519710164239-da123dc03ef4",
      "title": "Coffee table",
      "profile" : "https://pbs.twimg.com/media/DumtB0bUwAA2k7U.jpg",
      "category": "Home"
    },
    {
    "img": "https://images.unsplash.com/photo-1551963831-b3b1ca40c98e",
    "title": "Breakfast",
    "profile" : "https://pbs.twimg.com/media/DumtB0bUwAA2k7U.jpg",
    "category": "Food"
  },
  {
    "img": "https://images.unsplash.com/photo-1551782450-a2132b4ba21d",
    "title": "Burger",
    "profile" : "https://pbs.twimg.com/media/DumtB0bUwAA2k7U.jpg",
    "category": "Food"
  },
  {
    "img": "https://images.unsplash.com/photo-1522770179533-24471fcdba45",
    "title": "Camera1",
    "profile" : "https://pbs.twimg.com/media/DumtB0bUwAA2k7U.jpg",
    "category": "IT"
  },
  {
    "img": "https://images.unsplash.com/photo-1444418776041-9c7e33cc5a9c",
    "title": "Coffee",
    "profile" : "https://pbs.twimg.com/media/DumtB0bUwAA2k7U.jpg",
    "category": "Food"
  
  },
  {
    "img": "https://images.unsplash.com/photo-1533827432537-70133748f5c8",
    "title": "Hats",
    "profile" : "https://pbs.twimg.com/media/DumtB0bUwAA2k7U.jpg",
    "category": "Home"
    
  },
  {
    "img": "https://images.unsplash.com/photo-1558642452-9d2a7deb7f62",
    "title": "Honey",
    "profile" : "https://pbs.twimg.com/media/DumtB0bUwAA2k7U.jpg",
    "category": "Food"
  },
  {
    "img": "https://images.unsplash.com/photo-1516802273409-68526ee1bdd6",
    "title": "Basketball",
    "profile" : "https://pbs.twimg.com/media/DumtB0bUwAA2k7U.jpg",
    "category": "Sports"
  },
  {
    "img": "https://images.unsplash.com/photo-1518756131217-31eb79b20e8f",
    "title": "Fern",
    "profile" : "https://pbs.twimg.com/media/DumtB0bUwAA2k7U.jpg",
    "category": "Nature"
  },
  {
    "img": "https://images.unsplash.com/photo-1597645587822-e99fa5d45d25",
    "title": "Mushrooms",
    "profile" : "https://pbs.twimg.com/media/DumtB0bUwAA2k7U.jpg",
    "category": "Nature"
  },
  {
    "img": "https://images.unsplash.com/photo-1567306301408-9b74779a11af",
    "title": "Tomato basil1",
    "profile" : "https://pbs.twimg.com/media/DumtB0bUwAA2k7U.jpg",
    "category": "Food"
  },
  {
    "img": "https://images.unsplash.com/photo-1471357674240-e1a485acb3e1",
    "title": "Sea star1",
    "profile" : "https://pbs.twimg.com/media/DumtB0bUwAA2k7U.jpg",
    "category": "Nature"
  },
  {
    "img": "https://images.unsplash.com/photo-1589118949245-7d38baf380d6",
    "title": "Bike1",
    "profile" : "https://pbs.twimg.com/media/DumtB0bUwAA2k7U.jpg",
    "category": "Sports"
    
  },
  {
    "img": "https://cdn.pixabay.com/photo/2023/03/16/13/09/taxi-7856666_960_720.jpg",
    "title": "texi",
    "profile" : "https://pbs.twimg.com/media/DumtB0bUwAA2k7U.jpg",
    "category": "Nature"
  },
  {
    "img": "https://cdn.pixabay.com/photo/2015/03/22/23/07/bora-bora-685303_960_720.jpg",
    "title": "sea",
    "profile" : "https://pbs.twimg.com/media/DumtB0bUwAA2k7U.jpg",
    "category": "Nature"
  },
  {
    "img": "https://cdn.pixabay.com/photo/2016/11/22/22/21/adventure-1850912_960_720.jpg",
    "title": "qwe",
    "profile" : "https://pbs.twimg.com/media/DumtB0bUwAA2k7U.jpg",
    "category": "Nature"
  },
  {
    "img": "https://cdn.pixabay.com/photo/2014/11/03/17/40/leopard-515509_960_720.jpg",
    "title": "qwe1",
    "profile" : "https://pbs.twimg.com/media/DumtB0bUwAA2k7U.jpg",
    "category": "Nature"

  },
  {
    "img": "https://cdn.pixabay.com/photo/2016/11/21/17/44/arches-national-park-1846759_960_720.jpg",
    "title": "qwe2",
    "profile" : "https://pbs.twimg.com/media/DumtB0bUwAA2k7U.jpg",
    "category": "Nature"

  },
  {
    "img": "https://cdn.pixabay.com/photo/2016/11/18/15/58/vw-1835506_960_720.jpg",
    "title": "qwe3",
    "profile" : "https://pbs.twimg.com/media/DumtB0bUwAA2k7U.jpg",
    "category": "Nature"

  },
  {
    "img": "https://cdn.pixabay.com/photo/2017/01/28/02/24/japan-2014618_960_720.jpg",
    "title": "qwe4",
    "profile" : "https://pbs.twimg.com/media/DumtB0bUwAA2k7U.jpg",
    "category": "Nature"

  },
  {
    "img": "https://cdn.pixabay.com/photo/2017/08/07/10/05/neuschwanstein-2602208_960_720.jpg",
    "title": "qwe5",
    "profile" : "https://pbs.twimg.com/media/DumtB0bUwAA2k7U.jpg",
    "category": "Nature"

  },
  {
    "img": "https://cdn.pixabay.com/photo/2015/10/30/20/13/sunrise-1014712_960_720.jpg",
    "title": "qwe6",
    "profile" : "https://pbs.twimg.com/media/DumtB0bUwAA2k7U.jpg",
    "category": "Nature"

  },
  {
    "img": "https://cdn.pixabay.com/photo/2017/08/02/14/26/winter-landscape-2571788_960_720.jpg",
    "title": "qwe7",
    "profile" : "https://pbs.twimg.com/media/DumtB0bUwAA2k7U.jpg",
    "category": "Nature"

  },
  {
    "img": "https://cdn.pixabay.com/photo/2017/03/02/16/54/iceland-2111811_960_720.jpg",
    "title": "qwe8",
    "profile" : "https://pbs.twimg.com/media/DumtB0bUwAA2k7U.jpg",
    "category": "Nature"

  },
  {
    "img": "https://cdn.pixabay.com/photo/2016/08/11/23/55/trees-1587301_960_720.jpg",
    "title": "qwe9",
    "profile" : "https://pbs.twimg.com/media/DumtB0bUwAA2k7U.jpg",
    "category": "Nature"

  },
  {
    "img": "https://cdn.pixabay.com/photo/2018/10/19/12/14/train-3758523_960_720.jpg",
    "title": "qwe10",
    "profile" : "https://pbs.twimg.com/media/DumtB0bUwAA2k7U.jpg",
    "category": "Nature"

  }
  

  

        ]
}