[
  {
    "name": "Followers",
    "data": [
      {
        "x": 1,
        "y": 10
      },
      {
        "x": 2,
        "y": 15
      },
      {
        "x": 3,
        "y": 25
      },
      {
        "x": 4,
        "y": 35
      },
      {
        "x": 5,
        "y": 45
      },
      {
        "x": 6,
        "y": 50
      },
      {
        "x": 7,
        "y": 55
      },
      {
        "x": 8,
        "y": 60
      },
      {
        "x": 9,
        "y": 65
      },
      {
        "x": 10,
        "y": 70
      },
      {
        "x": 11,
        "y": 75
      },
      {
        "x": 12,
        "y": 80
      },
      {
        "x": 13,
        "y": 85
      },
      {
        "x": 14,
        "y": 90
      },
      {
        "x": 15,
        "y": 95
      },
      {
        "x": 16,
        "y": 100
      },
      {
        "x": 17,
        "y": 105
      },
      {
        "x": 18,
        "y": 110
      },
      {
        "x": 19,
        "y": 115
      },
      {
        "x": 20,
        "y": 120
      },
      {
        "x": 21,
        "y": 125
      },
      {
        "x": 22,
        "y": 130
      },
      {
        "x": 23,
        "y": 135
      },
      {
        "x": 24,
        "y": 145
      },
      {
        "x": 25,
        "y": 150
      },
      {
        "x": 26,
        "y": 155
      },
      {
        "x": 27,
        "y": 160
      },
      {
        "x": 28,
        "y": 165
      },
      {
        "x": 29,
        "y": 170
      },
      {
        "x": 30,
        "y": 175
      }
    ]
  }
]
