[
  {
    "name": "Great",
    "data": [
      {
        "x": 1,
        "y": 50
      },
      {
        "x": 2,
        "y": 60
      },
      {
        "x": 3,
        "y": 54
      },
      {
        "x": 4,
        "y": 77
      },
      {
        "x": 5,
        "y": 45
      },
      {
        "x": 6,
        "y": 65
      },
      {
        "x": 7,
        "y": 80
      },
      {
        "x": 8,
        "y": 23
      },
      {
        "x": 9,
        "y": 56
      },
      {
        "x": 10,
        "y": 33
      },
      {
        "x": 11,
        "y": 18
      },
      {
        "x": 12,
        "y": 66
      },
      {
        "x": 13,
        "y": 45
      },
      {
        "x": 14,
        "y": 49
      },
      {
        "x": 15,
        "y": 45
      },
      {
        "x": 16,
        "y": 68
      },
      {
        "x": 17,
        "y": 32
      },
      {
        "x": 18,
        "y": 10
      },
      {
        "x": 19,
        "y": 69
      },
      {
        "x": 20,
        "y": 34
      },
      {
        "x": 21,
        "y": 48
      },
      {
        "x": 22,
        "y": 66
      },
      {
        "x": 23,
        "y": 45
      },
      {
        "x": 24,
        "y": 39
      },
      {
        "x": 25,
        "y": 45
      },
      {
        "x": 26,
        "y": 18
      },
      {
        "x": 27,
        "y": 32
      },
      {
        "x": 28,
        "y": 46
      },
      {
        "x": 29,
        "y": 69
      },
      {
        "x": 30,
        "y": 84
      }
    ]
  }
]
