[
  {
    "name": "방문자",
    "data": [
      {
        "x": 1,
        "y": 162
      },
      {
        "x": 2,
        "y": 90
      },
      {
        "x": 3,
        "y": 50
      },
      {
        "x": 4,
        "y": 77
      },
      {
        "x": 5,
        "y": 35
      },
      {
        "x": 6,
        "y": 45
      },
      {
        "x": 7,
        "y": 88
      },
      {
        "x": 8,
        "y": 120
      },
      {
        "x": 9,
        "y": 156
      },
      {
        "x": 10,
        "y": 123
      },
      {
        "x": 11,
        "y": 88
      },
      {
        "x": 12,
        "y": 66
      },
      {
        "x": 13,
        "y": 45
      },
      {
        "x": 14,
        "y": 129
      },
      {
        "x": 15,
        "y": 45
      },
      {
        "x": 16,
        "y": 88
      },
      {
        "x": 17,
        "y": 132
      },
      {
        "x": 18,
        "y": 146
      },
      {
        "x": 19,
        "y": 169
      },
      {
        "x": 20,
        "y": 184
      },
      {
        "x": 21,
        "y": 88
      },
      {
        "x": 22,
        "y": 66
      },
      {
        "x": 23,
        "y": 45
      },
      {
        "x": 24,
        "y": 89
      },
      {
        "x": 25,
        "y": 45
      },
      {
        "x": 26,
        "y": 88
      },
      {
        "x": 27,
        "y": 132
      },
      {
        "x": 28,
        "y": 146
      },
      {
        "x": 29,
        "y": 169
      },
      {
        "x": 30,
        "y": 184
      }
    ]
  }
]
