[
  {
    "name": "Views",
    "data": [
      {
        "x": 1,
        "y": 100
      },
      {
        "x": 2,
        "y": 90
      },
      {
        "x": 3,
        "y": 150
      },
      {
        "x": 4,
        "y": 177
      },
      {
        "x": 5,
        "y": 135
      },
      {
        "x": 6,
        "y": 145
      },
      {
        "x": 7,
        "y": 88
      },
      {
        "x": 8,
        "y": 120
      },
      {
        "x": 9,
        "y": 156
      },
      {
        "x": 10,
        "y": 123
      },
      {
        "x": 11,
        "y": 88
      },
      {
        "x": 12,
        "y": 166
      },
      {
        "x": 13,
        "y": 145
      },
      {
        "x": 14,
        "y": 129
      },
      {
        "x": 15,
        "y": 145
      },
      {
        "x": 16,
        "y": 88
      },
      {
        "x": 17,
        "y": 132
      },
      {
        "x": 18,
        "y": 146
      },
      {
        "x": 19,
        "y": 159
      },
      {
        "x": 20,
        "y": 104
      },
      {
        "x": 21,
        "y": 88
      },
      {
        "x": 22,
        "y": 166
      },
      {
        "x": 23,
        "y": 95
      },
      {
        "x": 24,
        "y": 89
      },
      {
        "x": 25,
        "y": 145
      },
      {
        "x": 26,
        "y": 88
      },
      {
        "x": 27,
        "y": 132
      },
      {
        "x": 28,
        "y": 146
      },
      {
        "x": 29,
        "y": 169
      },
      {
        "x": 30,
        "y": 184
      }
    ]
  }
]
